1,Quintus,Buxsey,qbuxsey0@jalbum.net,41,241.174.105.100,District 13: Ultimatum (Banlieue 13 - Ultimatum),https://robohash.org/innonaut.png?size=50x50&set=set1,Never,Supervisor,Transgender
2,Paloma,Corse,pcorse1@mit.edu,22,168.206.224.78,"Awful Truth, The",https://robohash.org/voluptatibusvoluptassaepe.png?size=50x50&set=set1,Weekly,Project Manager,Cisgender Female
3,Brod,Hebron,bhebron2@cbslocal.com,50,235.185.52.220,End of Suburbia: Oil Depletion and the Collapse of the American Dream,https://robohash.org/sedassumendalabore.png?size=50x50&set=set1,Monthly,Subcontractor,Transgender Female
4,Koralle,Dadson,kdadson3@live.com,82,140.79.99.144,Gabrielle,https://robohash.org/fugitetiusto.png?size=50x50&set=set1,Seldom,Estimator,Transgender Man
5,Elly,Cuppleditch,ecuppleditch4@gmpg.org,29,168.230.110.255,Deadly Outlaw: Rekka (a.k.a. Violent Fire) (Jitsuroku Andô Noboru kyôdô-den: Rekka),https://robohash.org/veritatisdolorestempore.png?size=50x50&set=set1,Monthly,Supervisor,Male to Female
6,Garvey,Delgardo,gdelgardo5@artisteer.com,6,46.87.190.118,"Bourne Identity, The",https://robohash.org/quasiaipsum.png?size=50x50&set=set1,Weekly,Construction Manager,Transmasculine
7,Hope,Fallanche,hfallanche6@merriam-webster.com,47,213.30.181.112,Bikini Summer,https://robohash.org/quasioccaecatised.png?size=50x50&set=set1,Seldom,Subcontractor,Trans Person
8,Nevsa,Slessar,nslessar7@studiopress.com,83,54.29.135.236,"Murder of Fred Hampton, The",https://robohash.org/suscipitutsed.png?size=50x50&set=set1,Seldom,Surveyor,Cisgender Male
9,Carlina,Barens,cbarens8@economist.com,92,59.255.195.168,Henry V,https://robohash.org/doloristelaborum.png?size=50x50&set=set1,Monthly,Construction Foreman,Gender Questioning
10,Joby,Gokes,jgokes9@foxnews.com,23,129.52.17.106,Sexual Predator,https://robohash.org/suntdoloremqueplaceat.png?size=50x50&set=set1,Once,Subcontractor,Cis Male
11,Thelma,Aggio,taggioa@alibaba.com,66,163.100.135.102,"Kevin Nealon: Whelmed, But Not Overly",https://robohash.org/distinctiomolestiasconsequatur.png?size=50x50&set=set1,Never,Construction Worker,Cisgender Male
12,Jeanna,Pinson,jpinsonb@google.cn,11,16.203.124.89,Hovering Over the Water (À Flor do Mar),https://robohash.org/occaecatiundelaborum.png?size=50x50&set=set1,Seldom,Subcontractor,Trans Woman
13,Fulton,Potzold,fpotzoldc@stumbleupon.com,34,241.156.96.190,Starship Invasions,https://robohash.org/doloremqueutvoluptas.png?size=50x50&set=set1,Seldom,Construction Expeditor,Female to Male
14,Leanor,Meiklejohn,lmeiklejohnd@theguardian.com,50,154.172.131.103,Water Drops on Burning Rocks,https://robohash.org/animilaudantiumalias.png?size=50x50&set=set1,Often,Construction Worker,Two-Spirit
15,Franny,Glazebrook,fglazebrooke@shinystat.com,26,219.16.95.200,Jönssonligan & den svarta diamanten,https://robohash.org/sedharumnumquam.png?size=50x50&set=set1,Seldom,Surveyor,Transsexual Woman
16,Norri,Furmedge,nfurmedgef@i2i.jp,79,234.129.21.103,"Emerald Forest, The",https://robohash.org/culpasapientequo.png?size=50x50&set=set1,Yearly,Engineer,Transsexual Male
17,Lorelle,Pettifer,lpettiferg@addthis.com,69,68.49.57.221,Mimic 2,https://robohash.org/sintutet.png?size=50x50&set=set1,Yearly,Surveyor,Transgender Female
18,Jessalyn,Belverstone,jbelverstoneh@umn.edu,53,137.36.119.255,Noah's Ark,https://robohash.org/voluptasipsamomnis.png?size=50x50&set=set1,Seldom,Surveyor,Two-Spirit
19,Benni,Blewmen,bblewmeni@oracle.com,88,227.43.68.16,Curse of Chucky (Child's Play 6),https://robohash.org/autemdolorumrerum.png?size=50x50&set=set1,Often,Architect,Cis
20,Rosamond,Gasparro,rgasparroj@comsenz.com,93,117.81.239.100,"400 Blows, The (Les quatre cents coups)",https://robohash.org/voluptasveritatisiste.png?size=50x50&set=set1,Seldom,Surveyor,Gender Nonconforming
21,Elijah,Croson,ecrosonk@parallels.com,48,255.162.231.23,"Beast, The",https://robohash.org/inciduntautoccaecati.png?size=50x50&set=set1,Once,Construction Expeditor,Female to Male
22,Correy,Vevers,cveversl@ted.com,20,76.36.119.232,I Married a Monster from Outer Space,https://robohash.org/cumvelitdignissimos.png?size=50x50&set=set1,Monthly,Project Manager,Cisgender Man
23,Idelle,Mesnard,imesnardm@dell.com,87,218.10.214.175,"Noordzee, Texas (North Sea Texas)",https://robohash.org/istelaboriosamea.png?size=50x50&set=set1,Yearly,Construction Expeditor,Non-binary
24,Larissa,Lamdin,llamdinn@mapy.cz,56,83.75.210.231,The Boy in the Mirror,https://robohash.org/veniamametsint.png?size=50x50&set=set1,Never,Surveyor,Trans
25,Zsa zsa,Land,zlando@themeforest.net,72,233.34.130.56,Loves of a Blonde (Lásky jedné plavovlásky),https://robohash.org/etnequemagni.png?size=50x50&set=set1,Monthly,Electrician,Trans
26,Pavia,Petrasek,ppetrasekp@youtu.be,67,78.121.172.37,Maid in Sweden,https://robohash.org/aperiamestexercitationem.png?size=50x50&set=set1,Monthly,Architect,Intersex
27,Orren,Poller,opollerq@about.me,94,233.137.229.152,Long Weekend,https://robohash.org/temporibuslaborumet.png?size=50x50&set=set1,Daily,Supervisor,Gender Questioning
28,Duke,Duerden,dduerdenr@pbs.org,19,189.16.218.242,"Last Winter, The",https://robohash.org/aliasveritatisaut.png?size=50x50&set=set1,Daily,Estimator,FTM
29,Randolf,Forri,rforris@prweb.com,21,176.21.84.112,Gerontophilia,https://robohash.org/repudiandaeetvoluptatibus.png?size=50x50&set=set1,Often,Engineer,Transgender Male
30,Erminia,Maddrah,emaddraht@free.fr,66,15.92.45.50,Lisbon Story,https://robohash.org/suntquaseligendi.png?size=50x50&set=set1,Daily,Project Manager,Cis
